Table KS101EW,,,,,,,,,,,,,,
"2011 Census: Usual resident population, local authorities in England and Wales",,,,,,,,,,,,,,
,,,,,,,,,,,,,,
England and Wales,,,,,,,,,,,,,,
"Constituent Countries; Regions, counties, London boroughs, unitary",,,,,,,,,,,,,,
authorities and districts in England; unitary authorities in Wales,,,,,,,,,,,,,,
,,,,,,,,,,,,,,
All usual residents ,,,,,,,,,,,,,,
,,,,,,,,,,,,,,
,,,,,,,,,,,,,,
Area code,Area name,,,All categories: Sex,Males,Females,Lives in a household,Lives in a communal establishment,Schoolchild or full-time student aged 4 and over at their non term-time address,Area ,Density,,,
,,,,Persons,Persons,Persons,Persons,Persons,Persons,Hectares,Number of persons per hectare,,,
,,,,Number,Number,Number,Number,Number,Number,Number,Rate,,,
,,,,,,,,,,,,,,
K04000001,ENGLAND AND WALES,,,"56,075,912","27,573,376","28,502,536","55,071,113","1,004,799","685,206","15,101,354",3.7,,,
,,,,,,,,,,,,,,
E92000001,ENGLAND,,,"53,012,456","26,069,148","26,943,308","52,059,931","952,525","650,145","13,027,843",4.1,,,
,,,,,,,,,,,,,,
E12000001,NORTH EAST,,,"2,596,886","1,269,703","1,327,183","2,550,818","46,068","22,618","857,317",3.0,,,
, ,,,,,,,,,,,,,
E06000047,,County Durham UA,,"513,242","251,280","261,962","500,288","12,954","4,705","222,606",2.3,,,
E06000005,,Darlington UA,,"105,564","51,483","54,081","104,111","1,453","1,218","19,748",5.3,,,
E06000001,,Hartlepool UA,,"92,028","44,751","47,277","91,091",937,780,"9,386",9.8,,,
E06000002,,Middlesbrough UA,,"138,412","67,732","70,680","136,156","2,256","1,040","5,387",25.7,,,
E06000048,,Northumberland UA,,"316,028","154,124","161,904","310,591","5,437","3,922","501,302",0.6,,,
E06000003,,Redcar and Cleveland UA,,"135,177","65,655","69,522","133,929","1,248","1,096","24,490",5.5,,,
E06000004,,Stockton-on-Tees UA,,"191,610","94,082","97,528","187,959","3,651","1,991","20,393",9.4,,,
,,,,,,,,,,,,,,
E11000004,,Tyne and Wear (Met County),,"1,104,825","540,596","564,229","1,086,693","18,132","7,866","54,005",20.5,,,
E08000020,,,Gateshead,"200,214","97,974","102,240","197,726","2,488","1,332","14,235",14.1,,,
E08000021,,,Newcastle upon Tyne,"280,177","140,226","139,951","271,212","8,965","2,586","11,344",24.7,,,
E08000022,,,North Tyneside,"200,801","96,883","103,918","199,142","1,659","1,550","8,239",24.4,,,
E08000023,,,South Tyneside,"148,127","71,560","76,567","146,729","1,398",867,"6,441",23.0,,,
E08000024,,,Sunderland,"275,506","133,953","141,553","271,884","3,622","1,531","13,746",20.0,,,
,,,,,,,,,,,,,,
E12000002,NORTH WEST ,,,"7,052,177","3,464,685","3,587,492","6,927,820","124,357","76,565","1,410,535",5.0,,,
,,,,,,,,,,,,,,
E06000008,,Blackburn with Darwen UA,,"147,489","73,547","73,942","145,827","1,662","1,467","13,701",10.8,,,
E06000009,,Blackpool UA,,"142,065","69,775","72,290","137,960","4,105","1,073","3,488",40.7,,,
E06000049,,Cheshire East UA,,"370,127","181,409","188,718","365,065","5,062","6,056","116,638",3.2,,,
E06000050,,Cheshire West and Chester UA,,"329,608","160,586","169,022","326,236","3,372","4,753","91,666",3.6,,,
E06000006,,Halton UA,,"125,746","61,368","64,378","124,874",872,"1,001","7,910",15.9,,,
E06000007,,Warrington UA,,"202,228","100,300","101,928","198,828","3,400","2,589","18,065",11.2,,,
,,,,,,,,,,,,,,
E10000006,,Cumbria ,,"499,858","246,065","253,793","490,939","8,919","6,584","676,656",0.7,,,
E07000026,,,Allerdale,"96,422","47,371","49,051","94,970","1,452","1,182","124,158",0.8,,,
E07000027,,,Barrow-in-Furness,"69,087","34,185","34,902","68,392",695,737,"7,796",8.9,,,
E07000028,,,Carlisle,"107,524","52,478","55,046","106,138","1,386","1,182","103,930",1.0,,,
E07000029,,,Copeland,"70,603","35,476","35,127","69,312","1,291",789,"73,174",1.0,,,
E07000030,,,Eden,"52,564","26,033","26,531","51,613",951,903,"214,236",0.2,,,
E07000031,,,South Lakeland,"103,658","50,522","53,136","100,514","3,144","1,791","153,362",0.7,,,
,,,,,,,,,,,,,,
E11000001,,Greater Manchester (Met County),,"2,682,528","1,325,455","1,357,073","2,639,700","42,828","26,728","127,603",21.0,,,
E08000001,,,Bolton,"276,786","136,660","140,126","274,855","1,931","2,747","13,980",19.8,,,
E08000002,,,Bury,"185,060","90,588","94,472","183,025","2,035","2,472","9,948",18.6,,,
E08000003,,,Manchester,"503,127","252,623","250,504","481,030","22,097","3,736","11,564",43.5,,,
E08000004,,,Oldham ,"224,897","110,155","114,742","223,170","1,727","2,118","14,236",15.8,,,
E08000005,,,Rochdale,"211,699","103,642","108,057","209,552","2,147","2,083","15,808",13.4,,,
E08000006,,,Salford,"233,933","116,782","117,151","228,346","5,587","2,045","9,719",24.1,,,
E08000007,,,Stockport,"283,275","138,400","144,875","280,915","2,360","3,722","12,606",22.5,,,
E08000008,,,Tameside,"219,324","107,650","111,674","217,736","1,588","1,769","10,317",21.3,,,
E08000009,,,Trafford,"226,578","110,959","115,619","225,277","1,301","3,435","10,604",21.4,,,
E08000010,,,Wigan,"317,849","157,996","159,853","315,794","2,055","2,601","18,819",16.9,,,
,,,,,,,,,,,,,,
E10000017,,Lancashire ,,"1,171,339","575,146","596,193","1,143,277","28,062","14,049","290,320",4.0,,,
E07000117,,,Burnley,"87,059","42,794","44,265","86,117",942,862,"11,070",7.9,,,
E07000118,,,Chorley,"107,155","53,708","53,447","104,277","2,878","1,244","20,280",5.3,,,
E07000119,,,Fylde,"75,757","36,781","38,976","74,035","1,722","1,160","16,569",4.6,,,
E07000120,,,Hyndburn,"80,734","39,977","40,757","80,088",646,672,"7,299",11.1,,,
E07000121,,,Lancaster,"138,375","66,841","71,534","129,433","8,942","1,761","57,586",2.4,,,
E07000122,,,Pendle,"89,452","44,012","45,440","88,846",606,919,"16,936",5.3,,,
E07000123,,,Preston,"140,202","70,284","69,918","134,392","5,810","1,537","14,229",9.9,,,
E07000124,,,Ribble Valley,"57,132","27,973","29,159","55,951","1,181","1,080","58,316",1.0,,,
E07000125,,,Rossendale,"67,982","33,367","34,615","67,262",720,851,"13,805",4.9,,,
E07000126,,,South Ribble,"109,057","53,344","55,713","108,225",832,"1,273","11,296",9.7,,,
E07000127,,,West Lancashire,"110,685","53,840","56,845","108,689","1,996","1,365","34,679",3.2,,,
E07000128,,,Wyre,"107,749","52,225","55,524","105,962","1,787","1,325","28,255",3.8,,,
,,,,,,,,,,,,,,
E11000002,,Merseyside (Met County),,"1,381,189","671,034","710,155","1,355,114","26,075","12,265","64,488",21.4,,,
E08000011,,,Knowsley ,"145,893","69,329","76,564","144,990",903,781,"8,647",16.9,,,
E08000012,,,Liverpool,"466,415","230,483","235,932","450,085","16,330","3,283","11,184",41.7,,,
E08000014,,,Sefton,"273,790","131,237","142,553","269,697","4,093","3,000","15,314",17.9,,,
E08000013,,,St. Helens,"175,308","86,138","89,170","173,958","1,350","1,499","13,638",12.9,,,
E08000015,,,Wirral,"319,783","153,847","165,936","316,384","3,399","3,702","15,705",20.4,,,
,,,,,,,,,,,,,,
E12000003,YORKSHIRE AND THE HUMBER,,,"5,283,733","2,598,078","2,685,655","5,185,677","98,056","54,976","1,540,764",3.4,,,
,,,,,,,,,,,,,,
E06000011,,East Riding of Yorkshire UA,,"334,179","163,388","170,791","326,951","7,228","4,469","240,768",1.4,,,
E06000010,,"Kingston upon Hull, City of UA",,"256,406","128,420","127,986","252,748","3,658","1,488","7,145",35.9,,,
E06000012,,North East Lincolnshire UA,,"159,616","78,247","81,369","157,786","1,830","1,387","19,184",8.3,,,
E06000013,,North Lincolnshire UA,,"167,446","82,623","84,823","165,871","1,575","1,777","84,631",2.0,,,
E06000014,,York UA,,"198,051","96,254","101,797","190,392","7,659","2,638","27,194",7.3,,,
,,,,,,,,,,,,,,
E10000023,,North Yorkshire ,,"598,376","294,110","304,266","582,624","15,752","9,956","803,761",0.7,,,
E07000163,,,Craven,"55,409","26,754","28,655","54,375","1,034","1,055","117,739",0.5,,,
E07000164,,,Hambleton,"89,140","43,982","45,158","87,321","1,819","1,706","131,117",0.7,,,
E07000165,,,Harrogate,"157,869","77,037","80,832","153,821","4,048","2,898","130,794",1.2,,,
E07000166,,,Richmondshire,"51,965","27,407","24,558","47,344","4,621",926,"131,867",0.4,,,
E07000167,,,Ryedale,"51,751","25,413","26,338","50,611","1,140",928,"150,659",0.3,,,
E07000168,,,Scarborough,"108,793","52,570","56,223","106,427","2,366","1,340","81,654",1.3,,,
E07000169,,,Selby,"83,449","40,947","42,502","82,725",724,"1,103","59,931",1.4,,,
,,,,,,,,,,,,,,
E11000003,,South Yorkshire (Met County),,"1,343,601","661,772","681,829","1,321,137","22,464","11,640","155,153",8.7,,,
E08000016,,,Barnsley,"231,221","113,634","117,587","229,539","1,682","1,681","32,905",7.0,,,
E08000017,,,Doncaster,"302,402","149,230","153,172","297,200","5,202","2,764","56,799",5.3,,,
E08000018,,,Rotherham ,"257,280","126,247","131,033","255,334","1,946","2,178","28,654",9.0,,,
E08000019,,,Sheffield,"552,698","272,661","280,037","539,064","13,634","5,017","36,795",15.0,,,
,,,,,,,,,,,,,,
E11000006,,West Yorkshire (Met County),,"2,226,058","1,093,264","1,132,794","2,188,168","37,890","21,621","202,927",11.0,,,
E08000032,,,Bradford,"522,452","257,132","265,320","515,315","7,137","4,896","36,642",14.3,,,
E08000033,,,Calderdale,"203,826","99,627","104,199","202,376","1,450","2,168","36,392",5.6,,,
E08000034,,,Kirklees ,"422,458","208,657","213,801","416,840","5,618","4,014","40,860",10.3,,,
E08000035,,,Leeds,"751,485","367,935","383,550","731,373","20,112","7,700","55,172",13.6,,,
E08000036,,,Wakefield,"325,837","159,913","165,924","322,264","3,573","2,843","33,861",9.6,,,
,,,,,,,,,,,,,,
E12000004,EAST MIDLANDS,,,"4,533,222","2,234,493","2,298,729","4,442,192","91,030","54,416","1,560,642",2.9,,,
,,,,,,,,,,,,,,
E06000015,,Derby UA,,"248,752","123,046","125,706","244,625","4,127","2,431","7,803",31.9,,,
E06000016,,Leicester UA,,"329,839","162,884","166,955","321,527","8,312","3,332","7,331",45.0,,,
E06000018,,Nottingham UA,,"305,680","153,777","151,903","289,738","15,942","2,556","7,461",41.0,,,
E06000017,,Rutland UA,,"37,369","18,915","18,454","34,252","3,117",842,"38,152",1.0,,,
,,,,,,,,,,,,,,
E10000007,,Derbyshire ,,"769,686","378,786","390,900","760,840","8,846","8,700","254,670",3.0,,,
E07000032,,,Amber Valley,"122,309","60,192","62,117","121,167","1,142","1,338","26,538",4.6,,,
E07000033,,,Bolsover,"75,866","37,388","38,478","75,251",615,500,"16,033",4.7,,,
E07000034,,,Chesterfield,"103,788","50,900","52,888","102,681","1,107","1,075","6,604",15.7,,,
E07000035,,,Derbyshire Dales,"71,116","35,071","36,045","69,562","1,554","1,345","79,245",0.9,,,
E07000036,,,Erewash,"112,081","54,934","57,147","110,939","1,142",984,"10,963",10.2,,,
E07000037,,,High Peak,"90,892","44,774","46,118","89,867","1,025","1,321","53,915",1.7,,,
E07000038,,,North East Derbyshire,"99,023","48,564","50,459","98,240",783,"1,016","27,560",3.6,,,
E07000039,,,South Derbyshire,"94,611","46,963","47,648","93,133","1,478","1,121","33,812",2.8,,,
,,,,,,,,,,,,,,
E10000018,,Leicestershire ,,"650,489","321,416","329,073","636,274","14,215","9,344","208,288",3.1,,,
E07000129,,,Blaby,"93,915","46,228","47,687","92,894","1,021","1,201","13,047",7.2,,,
E07000130,,,Charnwood,"166,100","82,913","83,187","158,719","7,381","2,513","27,906",6.0,,,
E07000131,,,Harborough,"85,382","42,353","43,029","84,008","1,374","1,626","59,178",1.4,,,
E07000132,,,Hinckley and Bosworth,"105,078","51,700","53,378","104,275",803,"1,222","29,735",3.5,,,
E07000133,,,Melton,"50,376","24,718","25,658","49,916",460,726,"48,138",1.0,,,
E07000134,,,North West Leicestershire,"93,468","46,335","47,133","92,697",771,"1,151","27,933",3.3,,,
E07000135,,,Oadby and Wigston,"56,170","27,169","29,001","53,765","2,405",905,"2,352",23.9,,,
,,,,,,,,,,,,,,
E10000019,,Lincolnshire,,"713,653","347,605","366,048","698,748","14,905","9,048","592,062",1.2,,,
E07000136,,,Boston,"64,637","31,536","33,101","63,736",901,651,"36,154",1.8,,,
E07000137,,,East Lindsey,"136,401","66,427","69,974","133,400","3,001","1,530","176,026",0.8,,,
E07000138,,,Lincoln,"93,541","45,773","47,768","87,880","5,661",957,"3,569",26.2,,,
E07000139,,,North Kesteven,"107,766","52,603","55,163","105,980","1,786","1,454","92,244",1.2,,,
E07000140,,,South Holland,"88,270","43,119","45,151","87,409",861,889,"74,238",1.2,,,
E07000141,,,South Kesteven,"133,788","64,656","69,132","132,493","1,295","2,310","94,259",1.4,,,
E07000142,,,West Lindsey,"89,250","43,491","45,759","87,850","1,400","1,257","115,572",0.8,,,
,,,,,,,,,,,,,,
E10000021,,Northamptonshire,,"691,952","341,342","350,610","681,850","10,102","9,222","236,397",2.9,,,
E07000150,,,Corby,"61,255","30,147","31,108","60,990",265,563,"8,028",7.6,,,
E07000151,,,Daventry,"77,843","38,899","38,944","75,886","1,957","1,437","66,259",1.2,,,
E07000152,,,East Northamptonshire,"86,765","43,058","43,707","84,910","1,855","1,240","50,979",1.7,,,
E07000153,,,Kettering,"93,475","45,896","47,579","92,521",954,"1,173","23,349",4.0,,,
E07000154,,,Northampton,"212,069","104,168","107,901","208,463","3,606","2,216","8,076",26.3,,,
E07000155,,,South Northamptonshire,"85,189","42,098","43,091","84,497",692,"1,711","63,402",1.3,,,
E07000156,,,Wellingborough,"75,356","37,076","38,280","74,583",773,882,"16,304",4.6,,,
,,,,,,,,,,,,,,
E10000024,,Nottinghamshire ,,"785,802","386,722","399,080","774,338","11,464","8,941","208,477",3.8,,,
E07000170,,,Ashfield,"119,497","58,665","60,832","118,213","1,284",799,"10,956",10.9,,,
E07000171,,,Bassetlaw,"112,863","56,024","56,839","109,979","2,884","1,310","63,787",1.8,,,
E07000172,,,Broxtowe,"109,487","54,118","55,369","108,570",917,"1,235","8,010",13.7,,,
E07000173,,,Gedling,"113,543","55,348","58,195","112,759",784,"1,179","11,998",9.5,,,
E07000174,,,Mansfield,"104,466","51,308","53,158","103,487",979,907,"7,672",13.6,,,
E07000175,,,Newark and Sherwood,"114,817","56,556","58,261","112,526","2,291","1,514","65,132",1.8,,,
E07000176,,,Rushcliffe,"111,129","54,703","56,426","108,804","2,325","1,997","40,924",2.7,,,
,,,,,,,,,,,,,,
E12000005,WEST MIDLANDS,,,"5,601,847","2,763,187","2,838,660","5,509,535","92,312","61,499","1,299,832",4.3,,,
,,,,,,,,,,,,,,
E06000019,,"Herefordshire, County of UA",,"183,477","90,302","93,175","180,595","2,882","3,080","217,973",0.8,,,
E06000051,,Shropshire UA,,"306,129","151,606","154,523","298,183","7,946","4,905","319,730",1.0,,,
E06000021,,Stoke-on-Trent UA,,"249,008","123,995","125,013","246,075","2,933","1,545","9,345",26.6,,,
E06000020,,Telford and Wrekin UA,,"166,641","82,549","84,092","164,440","2,201","1,813","29,031",5.7,,,
,,,,,,,,,,,,,,
E10000028,,Staffordshire ,,"848,489","419,918","428,571","832,952","15,537","9,941","262,028",3.2,,,
E07000192,,,Cannock Chase,"97,462","48,126","49,336","96,791",671,714,"7,888",12.4,,,
E07000193,,,East Staffordshire,"113,583","56,385","57,198","111,488","2,095","1,369","38,696",2.9,,,
E07000194,,,Lichfield,"100,654","49,920","50,734","98,893","1,761","1,456","33,130",3.0,,,
E07000195,,,Newcastle-under-Lyme,"123,871","61,206","62,665","119,708","4,163","1,248","21,096",5.9,,,
E07000196,,,South Staffordshire,"108,131","53,243","54,888","106,157","1,974","1,431","40,732",2.7,,,
E07000197,,,Stafford,"130,869","65,554","65,315","127,609","3,260","1,928","59,817",2.2,,,
E07000198,,,Staffordshire Moorlands,"97,106","47,790","49,316","95,860","1,246","1,110","57,585",1.7,,,
E07000199,,,Tamworth,"76,813","37,694","39,119","76,446",367,685,"3,085",24.9,,,
,,,,,,,,,,,,,,
E10000031,,Warwickshire,,"545,474","269,076","276,398","537,501","7,973","7,829","197,508",2.8,,,
E07000218,,,North Warwickshire,"62,014","30,604","31,410","61,468",546,656,"28,427",2.2,,,
E07000219,,,Nuneaton and Bedworth,"125,252","61,441","63,811","124,410",842,"1,221","7,895",15.9,,,
E07000220,,,Rugby,"100,075","49,884","50,191","98,180","1,895","1,449","35,111",2.9,,,
E07000221,,,Stratford-on-Avon,"120,485","58,497","61,988","118,853","1,632","2,239","97,787",1.2,,,
E07000222,,,Warwick,"137,648","68,650","68,998","134,590","3,058","2,264","28,288",4.9,,,
,,,,,,,,,,,,,,
E11000005,,West Midlands (Met County),,"2,736,460","1,346,950","1,389,510","2,693,432","43,028","24,671","90,164",30.3,,,
E08000025,,,Birmingham,"1,073,045","527,806","545,239","1,051,366","21,679","9,438","26,779",40.1,,,
E08000026,,,Coventry,"316,960","157,621","159,339","307,730","9,230","3,420","9,864",32.1,,,
E08000027,,,Dudley ,"312,925","153,819","159,106","310,398","2,527","2,635","9,796",31.9,,,
E08000028,,,Sandwell ,"308,063","151,592","156,471","305,928","2,135","1,872","8,557",36.0,,,
E08000029,,,Solihull,"206,674","100,352","106,322","205,087","1,587","3,199","17,829",11.6,,,
E08000030,,,Walsall,"269,323","132,319","137,004","267,397","1,926","2,051","10,395",25.9,,,
E08000031,,,Wolverhampton,"249,470","123,441","126,029","245,526","3,944","2,056","6,944",35.9,,,
,,,,,,,,,,,,,,
E10000034,,Worcestershire ,,"566,169","278,791","287,378","556,357","9,812","7,715","174,052",3.3,,,
E07000234,,,Bromsgrove,"93,637","46,300","47,337","90,833","2,804","1,490","21,697",4.3,,,
E07000235,,,Malvern Hills,"74,631","36,336","38,295","72,422","2,209","1,392","57,707",1.3,,,
E07000236,,,Redditch,"84,214","41,848","42,366","83,745",469,823,"5,425",15.5,,,
E07000237,,,Worcester,"98,768","48,563","50,205","96,854","1,914","1,094","3,328",29.7,,,
E07000238,,,Wychavon,"116,944","57,445","59,499","115,545","1,399","1,874","66,354",1.8,,,
E07000239,,,Wyre Forest,"97,975","48,299","49,676","96,958","1,017","1,042","19,541",5.0,,,
,,,,,,,,,,,,,,
E12000006,EAST,,,"5,846,965","2,875,807","2,971,158","5,748,605","98,360","78,159","1,910,838",3.1,,,
,,,,,,,,,,,,,,
E06000055,,Bedford UA,,"157,479","77,312","80,167","154,536","2,943","2,392","47,641",3.3,,,
E06000056,,Central Bedfordshire UA,,"254,381","126,044","128,337","252,120","2,261","3,629","71,566",3.6,,,
E06000032,,Luton UA,,"203,201","101,954","101,247","201,549","1,652","2,232","4,335",46.9,,,
E06000031,,Peterborough UA,,"183,631","90,859","92,772","181,827","1,804","2,040","34,338",5.3,,,
E06000033,,Southend-on-Sea UA,,"173,658","85,037","88,621","171,489","2,169","1,852","4,176",41.6,,,
E06000034,,Thurrock UA,,"157,705","77,823","79,882","157,072",633,"1,302","16,338",9.7,,,
,,,,,,,,,,,,,,
E10000003,,Cambridgeshire ,,"621,210","309,560","311,650","598,066","23,144","9,352","304,624",2.0,,,
E07000008,,,Cambridge,"123,867","62,984","60,883","107,345","16,522","2,013","4,070",30.4,,,
E07000009,,,East Cambridgeshire,"83,818","41,443","42,375","83,056",762,"1,085","65,128",1.3,,,
E07000010,,,Fenland,"95,262","46,811","48,451","93,934","1,328",843,"54,645",1.7,,,
E07000011,,,Huntingdonshire,"169,508","84,532","84,976","166,952","2,556","2,497","90,618",1.9,,,
E07000012,,,South Cambridgeshire,"148,755","73,790","74,965","146,779","1,976","2,914","90,163",1.6,,,
,,,,,,,,,,,,,,
E10000012,,Essex ,,"1,393,587","680,161","713,426","1,375,440","18,147","17,298","346,439",4.0,,,
E07000066,,,Basildon,"174,497","84,645","89,852","173,372","1,125","1,605","11,002",15.9,,,
E07000067,,,Braintree,"147,084","72,137","74,947","145,463","1,621","1,836","61,171",2.4,,,
E07000068,,,Brentwood,"73,601","35,582","38,019","72,789",812,"1,330","15,312",4.8,,,
E07000069,,,Castle Point,"88,011","42,907","45,104","87,385",626,761,"4,507",19.5,,,
E07000070,,,Chelmsford,"168,310","82,914","85,396","166,182","2,128","2,525","33,878",5.0,,,
E07000071,,,Colchester,"173,074","85,343","87,731","167,080","5,994","2,209","32,908",5.3,,,
E07000072,,,Epping Forest,"124,659","60,440","64,219","123,623","1,036","1,706","33,899",3.7,,,
E07000073,,,Harlow,"81,944","39,674","42,270","81,551",393,687,"3,054",26.8,,,
E07000074,,,Maldon,"61,629","30,458","31,171","61,097",532,774,"35,877",1.7,,,
E07000075,,,Rochford,"83,287","40,787","42,500","82,736",551,888,"16,950",4.9,,,
E07000076,,,Tendring,"138,048","66,071","71,977","135,867","2,181","1,256","33,764",4.1,,,
E07000077,,,Uttlesford,"79,443","39,203","40,240","78,295","1,148","1,721","64,118",1.2,,,
,,,,,,,,,,,,,,
E10000015,,Hertfordshire,,"1,116,062","547,110","568,952","1,101,351","14,711","18,561","164,307",6.8,,,
E07000095,,,Broxbourne,"93,609","45,357","48,252","93,267",342,954,"5,144",18.2,,,
E07000096,,,Dacorum,"144,847","71,307","73,540","142,845","2,002","2,454","21,248",6.8,,,
E07000097,,,East Hertfordshire,"137,687","67,690","69,997","135,762","1,925","2,733","47,569",2.9,,,
E07000098,,,Hertsmere,"100,031","48,290","51,741","98,478","1,553","1,845","10,116",9.9,,,
E07000099,,,North Hertfordshire,"127,114","62,380","64,734","125,817","1,297","2,129","37,538",3.4,,,
E07000100,,,St Albans,"140,664","69,040","71,624","139,058","1,606","2,965","16,118",8.7,,,
E07000101,,,Stevenage,"83,957","41,483","42,474","83,405",552,871,"2,596",32.3,,,
E07000102,,,Three Rivers,"87,317","42,371","44,946","86,324",993,"1,793","8,881",9.8,,,
E07000103,,,Watford,"90,301","44,828","45,473","89,565",736,"1,208","2,142",42.1,,,
E07000104,,,Welwyn Hatfield,"110,535","54,364","56,171","106,830","3,705","1,609","12,955",8.5,,,
,,,,,,,,,,,,,,
E10000020,,Norfolk,,"857,888","420,160","437,728","841,042","16,846","9,721","537,056",1.6,,,
E07000143,,,Breckland,"130,491","64,566","65,925","127,632","2,859","1,430","130,512",1.0,,,
E07000144,,,Broadland,"124,646","60,794","63,852","122,931","1,715","1,439","55,240",2.3,,,
E07000145,,,Great Yarmouth,"97,277","47,762","49,515","96,230","1,047",751,"17,419",5.6,,,
E07000146,,,King’s Lynn and West Norfolk,"147,451","72,053","75,398","145,253","2,198","1,740","142,879",1.0,,,
E07000147,,,North Norfolk,"101,499","49,203","52,296","99,023","2,476","1,219","96,333",1.1,,,
E07000148,,,Norwich,"132,512","65,267","67,245","127,754","4,758","1,338","3,903",34.0,,,
E07000149,,,South Norfolk,"124,012","60,515","63,497","122,219","1,793","1,804","90,771",1.4,,,
,,,,,,,,,,,,,,
E10000029,,Suffolk,,"728,163","359,787","368,376","714,113","14,050","9,780","380,018",1.9,,,
E07000200,,,Babergh,"87,740","43,004","44,736","86,170","1,570","1,581","59,378",1.5,,,
E07000201,,,Forest Heath,"59,748","30,153","29,595","58,175","1,573",471,"37,771",1.6,,,
E07000202,,,Ipswich,"133,384","66,428","66,956","131,262","2,122","1,254","3,941",33.8,,,
E07000203,,,Mid Suffolk,"96,731","47,924","48,807","95,254","1,477","1,618","87,107",1.1,,,
E07000204,,,St Edmundsbury,"111,008","55,594","55,414","107,942","3,066","1,519","65,696",1.7,,,
E07000205,,,Suffolk Coastal,"124,298","60,663","63,635","121,791","2,507","2,198","89,156",1.4,,,
E07000206,,,Waveney,"115,254","56,021","59,233","113,519","1,735","1,139","36,968",3.1,,,
,,,,,,,,,,,,,,
E12000007,LONDON,,,"8,173,941","4,033,289","4,140,652","8,073,700","100,241","99,779","157,215",52.0,,,
,,,,,,,,,,,,,,
E13000001,,Inner London,,"3,231,901","1,608,674","1,623,227","3,181,235","50,666","35,489","31,929",101.2,,,
E09000007,,,Camden,"220,338","107,885","112,453","212,443","7,895","2,530","2,180",101.1,,,
E09000001,,,City of London,"7,375","4,091","3,284","7,187",188,78,290,25.5,,,
E09000012,,,Hackney,"246,270","122,029","124,241","244,433","1,837","2,221","1,906",129.2,,,
E09000013,,,Hammersmith and Fulham,"182,493","88,914","93,579","180,652","1,841","2,327","1,640",111.2,,,
E09000014,,,Haringey,"254,926","126,224","128,702","253,236","1,690","2,774","2,959",86.2,,,
E09000019,,,Islington,"206,125","101,405","104,720","200,134","5,991","1,931","1,486",138.7,,,
E09000020,,,Kensington and Chelsea,"158,649","78,194","80,455","155,939","2,710","3,093","1,213",130.8,,,
E09000022,,,Lambeth,"303,086","150,921","152,165","300,101","2,985","3,186","2,682",113.0,,,
E09000023,,,Lewisham,"275,885","134,957","140,928","273,342","2,543","2,897","3,515",78.5,,,
E09000025,,,Newham,"307,984","160,336","147,648","306,009","1,975","2,461","3,622",85.0,,,
E09000028,,,Southwark,"288,283","142,618","145,665","282,560","5,723","3,087","2,885",99.9,,,
E09000030,,,Tower Hamlets,"254,096","130,906","123,190","250,343","3,753","1,497","1,977",128.5,,,
E09000032,,,Wandsworth,"306,995","148,646","158,349","301,648","5,347","4,236","3,426",89.6,,,
E09000033,,,Westminster,"219,396","111,548","107,848","213,208","6,188","3,171","2,148",102.2,,,
,,,,,,,,,,,,,,
E13000002,,Outer London,,"4,942,040","2,424,615","2,517,425","4,892,465","49,575","64,290","125,286",39.4,,,
E09000002,,,Barking and Dagenham,"185,911","90,237","95,674","184,901","1,010","1,654","3,609",51.5,,,
E09000003,,,Barnet,"356,386","172,676","183,710","352,597","3,789","6,147","8,674",41.1,,,
E09000004,,,Bexley,"231,997","111,676","120,321","230,902","1,095","2,577","6,056",38.3,,,
E09000005,,,Brent,"311,215","156,468","154,747","308,895","2,320","3,321","4,324",72.0,,,
E09000006,,,Bromley,"309,392","148,588","160,804","307,023","2,369","4,757","15,015",20.6,,,
E09000008,,,Croydon,"363,378","176,224","187,154","360,230","3,148","4,823","8,652",42.0,,,
E09000009,,,Ealing,"338,449","169,175","169,274","334,725","3,724","4,037","5,552",61.0,,,
E09000010,,,Enfield,"312,466","150,654","161,812","310,066","2,400","3,835","8,083",38.7,,,
E09000011,,,Greenwich,"254,557","126,224","128,333","249,991","4,566","2,542","4,734",53.8,,,
E09000015,,,Harrow,"239,056","118,023","121,033","236,970","2,086","4,251","5,047",47.4,,,
E09000016,,,Havering,"237,232","114,209","123,023","235,671","1,561","2,383","11,236",21.1,,,
E09000017,,,Hillingdon,"273,936","135,811","138,125","267,227","6,709","3,371","11,570",23.7,,,
E09000018,,,Hounslow,"253,957","127,397","126,560","251,961","1,996","2,897","5,599",45.4,,,
E09000021,,,Kingston upon Thames,"160,060","78,103","81,957","156,358","3,702","2,639","3,725",43.0,,,
E09000024,,,Merton,"199,693","98,515","101,178","198,217","1,476","2,866","3,761",53.1,,,
E09000026,,,Redbridge,"278,970","138,073","140,897","277,323","1,647","3,793","5,641",49.5,,,
E09000027,,,Richmond upon Thames,"186,990","91,149","95,841","184,098","2,892","3,661","5,742",32.6,,,
E09000029,,,Sutton,"190,146","92,443","97,703","188,695","1,451","2,587","4,385",43.4,,,
E09000031,,,Waltham Forest,"258,249","128,970","129,279","256,615","1,634","2,149","3,881",66.5,,,
,,,,,,,,,,,,,,
E12000008,SOUTH EAST,,,"8,634,750","4,239,298","4,395,452","8,446,500","188,250","130,976","1,906,965",4.5,,,
,,,,,,,,,,,,,,
E06000036,,Bracknell Forest UA,,"113,205","56,107","57,098","110,512","2,693","1,811","10,939",10.3,,,
E06000043,,Brighton and Hove UA,,"273,369","136,108","137,261","266,059","7,310","2,749","8,267",33.1,,,
E06000046,,Isle of Wight UA,,"138,265","67,424","70,841","133,713","4,552","1,519","38,016",3.6,,,
E06000035,,Medway UA,,"263,925","130,825","133,100","259,988","3,937","2,492","19,203",13.7,,,
E06000042,,Milton Keynes UA,,"248,821","123,116","125,705","246,715","2,106","3,395","30,863",8.1,,,
E06000044,,Portsmouth UA,,"205,056","103,201","101,855","200,052","5,004","1,610","4,041",50.7,,,
E06000038,,Reading UA,,"155,698","77,967","77,731","151,330","4,368","1,927","4,040",38.5,,,
E06000039,,Slough UA,,"140,205","70,120","70,085","139,697",508,"1,442","3,254",43.1,,,
E06000045,,Southampton UA,,"236,882","119,453","117,429","228,459","8,423","1,886","4,989",47.5,,,
E06000037,,West Berkshire UA,,"153,822","76,321","77,501","150,878","2,944","3,036","70,417",2.2,,,
E06000040,,Windsor and Maidenhead UA,,"144,560","71,328","73,232","141,065","3,495","2,991","19,651",7.4,,,
E06000041,,Wokingham UA,,"154,380","76,464","77,916","151,740","2,640","3,358","17,898",8.6,,,
,,,,,,,,,,,,,,
E10000002,,Buckinghamshire ,,"505,283","248,346","256,937","497,299","7,984","10,771","156,495",3.2,,,
E07000004,,,Aylesbury Vale,"174,137","86,241","87,896","170,651","3,486","3,326","90,275",1.9,,,
E07000005,,,Chiltern,"92,635","45,049","47,586","91,871",764,"2,482","19,635",4.7,,,
E07000006,,,South Bucks,"66,867","32,439","34,428","65,819","1,048","1,639","14,128",4.7,,,
E07000007,,,Wycombe,"171,644","84,617","87,027","168,958","2,686","3,324","32,457",5.3,,,
,,,,,,,,,,,,,,
E10000011,,East Sussex ,,"526,671","253,764","272,907","515,598","11,073","7,111","170,855",3.1,,,
E07000061,,,Eastbourne,"99,412","47,559","51,853","96,968","2,444",930,"4,416",22.5,,,
E07000062,,,Hastings,"90,254","44,014","46,240","88,562","1,692",745,"2,972",30.4,,,
E07000063,,,Lewes,"97,502","47,363","50,139","95,880","1,622","1,307","29,207",3.3,,,
E07000064,,,Rother,"90,588","43,021","47,567","88,149","2,439","1,313","50,943",1.8,,,
E07000065,,,Wealden,"148,915","71,807","77,108","146,039","2,876","2,816","83,317",1.8,,,
,,,,,,,,,,,,,,
E10000014,,Hampshire ,,"1,317,788","644,938","672,850","1,296,211","21,577","20,446","367,895",3.6,,,
E07000084,,,Basingstoke and Deane,"167,799","83,116","84,683","166,468","1,331","2,843","63,381",2.6,,,
E07000085,,,East Hampshire,"115,608","56,237","59,371","113,394","2,214","2,490","51,444",2.2,,,
E07000086,,,Eastleigh,"125,199","61,384","63,815","124,266",933,"1,321","7,978",15.7,,,
E07000087,,,Fareham,"111,581","54,634","56,947","110,125","1,456","1,523","7,423",15.0,,,
E07000088,,,Gosport,"82,622","40,736","41,886","81,766",856,746,"2,532",32.6,,,
E07000089,,,Hart,"91,033","45,174","45,859","89,369","1,664","1,934","21,527",4.2,,,
E07000090,,,Havant,"120,684","58,607","62,077","119,422","1,262","1,024","5,537",21.8,,,
E07000091,,,New Forest,"176,462","84,784","91,678","173,491","2,971","2,282","75,313",2.3,,,
E07000092,,,Rushmoor,"93,807","46,757","47,050","91,890","1,917","1,068","3,904",24.0,,,
E07000093,,,Test Valley,"116,398","56,880","59,518","114,478","1,920","2,284","62,758",1.9,,,
E07000094,,,Winchester,"116,595","56,629","59,966","111,542","5,053","2,931","66,097",1.8,,,
,,,,,,,,,,,,,,
E10000016,,Kent ,,"1,463,740","715,613","748,127","1,435,745","27,995","19,074","354,353",4.1,,,
E07000105,,,Ashford,"117,956","57,232","60,724","116,993",963,"1,524","58,062",2.0,,,
E07000106,,,Canterbury,"151,145","72,638","78,507","142,562","8,583","2,005","30,885",4.9,,,
E07000107,,,Dartford,"97,365","48,061","49,304","96,376",989,997,"7,277",13.4,,,
E07000108,,,Dover,"111,674","54,765","56,909","109,462","2,212","1,211","31,485",3.5,,,
E07000109,,,Gravesham,"101,720","50,139","51,581","100,976",744,"1,066","9,902",10.3,,,
E07000110,,,Maidstone,"155,143","76,492","78,651","152,445","2,698","2,066","39,333",3.9,,,
E07000111,,,Sevenoaks,"114,893","55,743","59,150","113,622","1,271","2,209","36,920",3.1,,,
E07000112,,,Shepway,"107,969","53,135","54,834","106,151","1,818","1,071","35,670",3.0,,,
E07000113,,,Swale,"135,835","67,152","68,683","133,380","2,455","1,235","37,339",3.6,,,
E07000114,,,Thanet,"134,186","64,555","69,631","131,755","2,431","1,256","10,334",13.0,,,
E07000115,,,Tonbridge and Malling,"120,805","59,207","61,598","119,401","1,404","1,923","24,014",5.0,,,
E07000116,,,Tunbridge Wells,"115,049","56,494","58,555","112,622","2,427","2,511","33,133",3.5,,,
,,,,,,,,,,,,,,
E10000025,,Oxfordshire,,"653,798","322,971","330,827","624,099","29,699","12,177","260,492",2.5,,,
E07000177,,,Cherwell,"141,868","70,126","71,742","138,916","2,952","2,091","58,877",2.4,,,
E07000178,,,Oxford,"151,906","75,335","76,571","133,241","18,665","2,393","4,560",33.3,,,
E07000179,,,South Oxfordshire,"134,257","66,005","68,252","131,483","2,774","2,893","67,853",2.0,,,
E07000180,,,Vale of White Horse,"120,988","60,058","60,930","118,044","2,944","2,729","57,762",2.1,,,
E07000181,,,West Oxfordshire,"104,779","51,447","53,332","102,415","2,364","2,071","71,440",1.5,,,
,,,,,,,,,,,,,,
E10000030,,Surrey,,"1,132,390","554,665","577,725","1,105,800","26,590","21,694","166,250",6.8,,,
E07000207,,,Elmbridge,"130,875","63,462","67,413","129,483","1,392","3,068","9,506",13.8,,,
E07000208,,,Epsom and Ewell,"75,102","36,412","38,690","74,026","1,076","1,278","3,407",22.0,,,
E07000209,,,Guildford,"137,183","67,923","69,260","130,920","6,263","2,749","27,093",5.1,,,
E07000210,,,Mole Valley,"85,375","41,749","43,626","83,985","1,390","2,024","25,832",3.3,,,
E07000211,,,Reigate and Banstead,"137,835","67,422","70,413","134,346","3,489","2,235","12,913",10.7,,,
E07000212,,,Runnymede,"80,510","39,148","41,362","77,346","3,164","1,251","7,804",10.3,,,
E07000213,,,Spelthorne,"95,598","47,053","48,545","94,837",761,"1,006","4,488",21.3,,,
E07000214,,,Surrey Heath,"86,144","42,868","43,276","84,440","1,704","1,743","9,509",9.1,,,
E07000215,,,Tandridge,"82,998","40,158","42,840","80,916","2,082","1,590","24,819",3.3,,,
E07000216,,,Waverley,"121,572","59,326","62,246","117,219","4,353","3,049","34,517",3.5,,,
E07000217,,,Woking,"99,198","49,144","50,054","98,282",916,"1,701","6,360",15.6,,,
,,,,,,,,,,,,,,
E10000032,,West Sussex,,"806,892","390,567","416,325","791,540","15,352","11,487","199,049",4.1,,,
E07000223,,,Adur,"61,182","29,513","31,669","60,424",758,546,"4,181",14.6,,,
E07000224,,,Arun,"149,518","71,303","78,215","145,744","3,774","1,441","22,071",6.8,,,
E07000225,,,Chichester,"113,794","54,401","59,393","110,837","2,957","2,338","78,623",1.4,,,
E07000226,,,Crawley,"106,597","52,698","53,899","105,859",738,"1,053","4,497",23.7,,,
E07000227,,,Horsham,"131,301","63,806","67,495","128,633","2,668","2,579","53,027",2.5,,,
E07000228,,,Mid Sussex,"139,860","68,462","71,398","137,291","2,569","2,467","33,402",4.2,,,
E07000229,,,Worthing,"104,640","50,384","54,256","102,752","1,888","1,063","3,248",32.2,,,
,,,,,,,,,,,,,,
E12000009,SOUTH WEST,,,"5,288,935","2,590,608","2,698,327","5,175,084","113,851","71,157","2,383,736",2.2,,,
,,,,,,,,,,,,,,
E06000022,,Bath and North East Somerset UA,,"176,016","86,072","89,944","169,977","6,039","2,937","34,574",5.1,,,
E06000028,,Bournemouth UA,,"183,491","91,386","92,105","179,138","4,353","1,785","4,618",39.7,,,
E06000023,,"Bristol, City of UA",,"428,234","213,071","215,163","418,814","9,420","3,927","10,961",39.1,,,
E06000052,,Cornwall UA,,"532,273","257,805","274,468","523,432","8,841","6,106","354,619",1.5,,,
E06000053,,Isles of Scilly UA,,"2,203","1,102","1,101","2,123",80,79,"1,637",1.3,,,
E06000024,,North Somerset UA,,"202,566","98,463","104,103","199,225","3,341","2,727","37,379",5.4,,,
E06000026,,Plymouth UA,,"256,384","126,684","129,700","251,100","5,284","1,978","7,983",32.1,,,
E06000029,,Poole UA,,"147,645","72,121","75,524","145,103","2,542","1,718","6,475",22.8,,,
E06000025,,South Gloucestershire UA,,"262,767","130,424","132,343","258,207","4,560","2,948","49,695",5.3,,,
E06000030,,Swindon UA,,"209,156","104,618","104,538","207,858","1,298","2,098","23,010",9.1,,,
E06000027,,Torbay UA,,"130,959","63,110","67,849","127,908","3,051","1,265","6,287",20.8,,,
E06000054,,Wiltshire UA,,"470,981","231,754","239,227","457,954","13,027","9,360","325,534",1.4,,,
,,,,,,,,,,,,,,
E10000008,,Devon ,,"746,399","361,745","384,654","727,737","18,662","10,616","656,422",1.1,,,
E07000040,,,East Devon,"132,457","63,321","69,136","129,528","2,929","2,011","81,435",1.6,,,
E07000041,,,Exeter,"117,773","57,211","60,562","111,808","5,965","1,302","4,703",25.0,,,
E07000042,,,Mid Devon,"77,750","38,070","39,680","76,866",884,"1,102","91,293",0.9,,,
E07000043,,,North Devon,"93,667","45,558","48,109","91,592","2,075","1,284","108,605",0.9,,,
E07000044,,,South Hams,"83,140","40,116","43,024","81,805","1,335","1,452","88,650",0.9,,,
E07000045,,,Teignbridge,"124,220","60,179","64,041","121,337","2,883","1,744","67,387",1.8,,,
E07000046,,,Torridge,"63,839","31,167","32,672","62,887",952,775,"98,385",0.6,,,
E07000047,,,West Devon,"53,553","26,123","27,430","51,914","1,639",946,"115,964",0.5,,,
,,,,,,,,,,,,,,
E10000009,,Dorset ,,"412,905","201,271","211,634","403,366","9,539","6,281","254,162",1.6,,,
E07000048,,,Christchurch,"47,752","22,874","24,878","47,298",454,453,"5,039",9.5,,,
E07000049,,,East Dorset,"87,166","41,990","45,176","86,193",973,"1,224","35,437",2.5,,,
E07000050,,,North Dorset,"68,583","34,216","34,367","65,572","3,011","1,385","60,922",1.1,,,
E07000051,,,Purbeck,"44,973","22,028","22,945","44,334",639,740,"40,442",1.1,,,
E07000052,,,West Dorset,"99,264","47,731","51,533","96,596","2,668","1,788","108,147",0.9,,,
E07000053,,,Weymouth and Portland,"65,167","32,432","32,735","63,373","1,794",691,"4,176",15.6,,,
,,,,,,,,,,,,,,
E10000013,,Gloucestershire ,,"596,984","292,586","304,398","586,018","10,966","9,279","265,325",2.3,,,
E07000078,,,Cheltenham,"115,732","56,512","59,220","112,148","3,584","1,695","4,661",24.8,,,
E07000079,,,Cotswold,"82,881","40,104","42,777","81,319","1,562","1,881","116,452",0.7,,,
E07000080,,,Forest of Dean,"81,961","40,272","41,689","80,040","1,921","1,061","52,651",1.6,,,
E07000081,,,Gloucester,"121,688","60,104","61,584","119,955","1,733","1,320","4,054",30.0,,,
E07000082,,,Stroud,"112,779","55,514","57,265","111,503","1,276","1,989","46,065",2.4,,,
E07000083,,,Tewkesbury,"81,943","40,080","41,863","81,053",890,"1,333","41,442",2.0,,,
,,,,,,,,,,,,,,
E10000027,,Somerset,,"529,972","258,396","271,576","517,124","12,848","8,053","345,055",1.5,,,
E07000187,,,Mendip,"109,279","53,387","55,892","106,031","3,248","1,835","73,944",1.5,,,
E07000188,,,Sedgemoor,"114,588","56,048","58,540","113,056","1,532","1,424","56,436",2.0,,,
E07000189,,,South Somerset,"161,243","79,106","82,137","157,903","3,340","2,603","95,904",1.7,,,
E07000190,,,Taunton Deane,"110,187","53,280","56,907","106,852","3,335","1,744","46,236",2.4,,,
E07000191,,,West Somerset,"34,675","16,575","18,100","33,282","1,393",447,"72,535",0.5,,,
,,,,,,,,,,,,,,
W92000004,WALES,,,"3,063,456","1,504,228","1,559,228","3,011,182","52,274","35,061","2,073,511",1.5,,,
,,,,,,,,,,,,,,
W06000001,,,Isle of Anglesey,"69,751","34,274","35,477","68,941",810,848,"71,124",1.0,,,
W06000002,,,Gwynedd,"121,874","59,906","61,968","117,974","3,900","1,771","253,494",0.5,,,
W06000003,,,Conwy,"115,228","55,749","59,479","112,531","2,697","1,520","112,583",1.0,,,
W06000004,,,Denbighshire,"93,734","45,987","47,747","92,483","1,251","1,211","83,674",1.1,,,
W06000005,,,Flintshire,"152,506","75,247","77,259","151,679",827,"1,719","43,754",3.5,,,
W06000006,,,Wrexham,"134,844","67,052","67,792","133,244","1,600","1,370","50,377",2.7,,,
W06000023,,,Powys,"132,976","65,683","67,293","131,047","1,929","2,117","518,037",0.3,,,
W06000008,,,Ceredigion,"75,922","37,793","38,129","71,444","4,478","1,203","178,545",0.4,,,
W06000009,,,Pembrokeshire,"122,439","59,823","62,616","120,545","1,894","1,728","161,874",0.8,,,
W06000010,,,Carmarthenshire,"183,777","89,837","93,940","181,227","2,550","2,254","237,035",0.8,,,
W06000011,,,Swansea,"239,023","118,087","120,936","234,363","4,660","2,558","37,974",6.3,,,
W06000012,,,Neath Port Talbot,"139,812","68,450","71,362","138,682","1,130","1,192","44,126",3.2,,,
W06000013,,,Bridgend ,"139,178","68,789","70,389","136,842","2,336","1,501","25,075",5.6,,,
W06000014,,,The Vale of Glamorgan,"126,336","61,522","64,814","124,259","2,077","1,857","33,095",3.8,,,
W06000015,,,Cardiff,"346,090","169,893","176,197","334,551","11,539","3,917","14,038",24.7,,,
W06000016,,,Rhondda Cynon Taf,"234,410","114,635","119,775","231,885","2,525","1,881","42,413",5.5,,,
W06000024,,,Merthyr Tydfil,"58,802","28,791","30,011","58,334",468,474,"11,139",5.3,,,
W06000018,,,Caerphilly,"178,806","87,701","91,105","177,755","1,051","1,436","27,745",6.4,,,
W06000019,,,Blaenau Gwent,"69,814","34,325","35,489","69,239",575,521,"10,876",6.4,,,
W06000020,,,Torfaen,"91,075","44,382","46,693","90,360",715,792,"12,564",7.2,,,
W06000021,,,Monmouthshire,"91,323","44,922","46,401","89,694","1,629","1,682","84,915",1.1,,,
W06000022,,,Newport,"145,736","71,380","74,356","144,103","1,633","1,509","19,052",7.6,,,
,,,,,,,,,,,,,,
,,,,,,,,,,,,,,
Source: Office for National Statistics,,,,,,,,,,,,,,
